{
  "accuracy_metrics": {
    "overall_accuracy": 0.2,
    "total_tested": 5,
    "successful_tests": 5,
    "failed_tests": 0,
    "MES_0_accuracy": 0.2,
    "MES_1_accuracy": 0.0,
    "MES_2_accuracy": 0.0,
    "MES_3_accuracy": 0.0
  },
  "timing_statistics": {
    "mean_time": 3.1418928623199465,
    "median_time": 3.01361083984375,
    "min_time": 2.96091890335083,
    "max_time": 3.6742489337921143,
    "std_time": 0.2683621599563683,
    "total_time": 15.709464311599731
  },
  "class_distribution": {
    "ground_truth": {
      "MES_0": 5,
      "MES_1": 0,
      "MES_2": 0,
      "MES_3": 0
    },
    "predicted": {
      "MES_0": 1,
      "MES_1": 0,
      "MES_2": 2,
      "MES_3": 2
    }
  }
}